Spacer (20 bp RNA),Target Guide Sequence (35 bp DNA),Off-Target Sequences (35 bp DNA),On-Target Score,Off-Target Scores,Heuristic
GGUCAAGUGCGACUACCGCU,ACTGCGCCAGTTCACGCTGATGGCGACGGCAACCG,"['GTTCGTCCAGTTCGCGCAGATGGCGCTGGATTTCC', 'GTTCGTCCAGTTCGCGCAGATGGCGCTGGATTTCC', 'GTTCGTCCAGTTCGCGCAGATGGCGCTGGATTTCC', 'GTTCGTCCAGTTCGCGCAGATGGCGCTGGATTTCC']",62.75094549196343,"[1.4465339727410277e-13, 1.4465339727410277e-13, 1.4465339727410277e-13, 1.4465339727410277e-13]",62.75094549196286
Spacer (20 bp RNA),Target Guide Sequence (35 bp DNA),Off-Target Sequences (35 bp DNA),On-Target Score,Off-Target Scores,Heuristic
GGUCAAGUGCGACUACCGCU,ACTGCGCCAGTTCACGCTGATGGCGACGGCAACCG,"['GTTCGTCCAGTTCGCGCAGATGGCGCTGGATTTCC', 'GTTCGTCCAGTTCGCGCAGATGGCGCTGGATTTCC', 'GTTCGTCCAGTTCGCGCAGATGGCGCTGGATTTCC', 'GTTCGTCCAGTTCGCGCAGATGGCGCTGGATTTCC']",62.75094549196343,"[1.4465339727410277e-13, 1.4465339727410277e-13, 1.4465339727410277e-13, 1.4465339727410277e-13]",62.75094549196286
Spacer (20 bp RNA),Target Guide Sequence (35 bp DNA),Off-Target Sequences (35 bp DNA),On-Target Score,Off-Target Scores,Heuristic
GGUCAAGUGCGACUACCGCU,ACTGCGCCAGTTCACGCTGATGGCGACGGCAACCG,"['GTTCGTCCAGTTCGCGCAGATGGCGCTGGATTTCC', 'GTTCGTCCAGTTCGCGCAGATGGCGCTGGATTTCC', 'GTTCGTCCAGTTCGCGCAGATGGCGCTGGATTTCC', 'GTTCGTCCAGTTCGCGCAGATGGCGCTGGATTTCC']",62.75094549196343,"[1.4465339727410277e-13, 1.4465339727410277e-13, 1.4465339727410277e-13, 1.4465339727410277e-13]",62.75094549196286
Spacer (20 bp RNA),Target Guide Sequence (35 bp DNA),Off-Target Sequences (35 bp DNA),On-Target Score,Off-Target Scores,Heuristic
GGUCAAGUGCGACUACCGCU,ACTGCGCCAGTTCACGCTGATGGCGACGGCAACCG,"['GTTCGTCCAGTTCGCGCAGATGGCGCTGGATTTCC', 'GTTCGTCCAGTTCGCGCAGATGGCGCTGGATTTCC', 'GTTCGTCCAGTTCGCGCAGATGGCGCTGGATTTCC', 'GTTCGTCCAGTTCGCGCAGATGGCGCTGGATTTCC']",62.75094549196343,"[0.010816683127731843, 0.010816683127731843, 0.010816683127731843, 0.010816683127731843]",62.70767875945251
Spacer (20 bp RNA),Target Guide Sequence (35 bp DNA),Off-Target Sequences (35 bp DNA),On-Target Score,Off-Target Scores,Heuristic
GGUCAAGUGCGACUACCGCU,ACTGCGCCAGTTCACGCTGATGGCGACGGCAACCG,"['GTTCGTCCAGTTCGCGCAGATGGCGCTGGATTTCC', 'GTTCGTCCAGTTCGCGCAGATGGCGCTGGATTTCC', 'GTTCGTCCAGTTCGCGCAGATGGCGCTGGATTTCC', 'GTTCGTCCAGTTCGCGCAGATGGCGCTGGATTTCC']",62.75094549196343,"[2.1633366255463686, 2.1633366255463686, 2.1633366255463686, 2.1633366255463686]",54.09759898977794
