Spacer (20 bp RNA),Target Guide Sequence (35 bp DNA),Guide Sequence Heuristic,On-Target Score,Off-Targets (35 bp DNA),Off-Target Scores,Off-Target Count
GGUCAAGUGCGACUACCGCU,,,,,,
,ACTGCGCCAGTTCACGCTGATGGCGACGGAAACCG,15.93671514,60.24517759,,,
,,,,GTTCGTCCAGTTCGCGCAGATGGCGCTGGATTTCC,2.347037739,134
,,,,TTCCAACCTGTTCACGCTGACCGCGACGGGCGCGA,22.43789455,2
,,,,GACCTCCCGGTTCACGCTGGTGGCAAAGGGAATGG,17.09680676,1
,,,,GTTCGTCCAGTTCGCGCAGATGGCGCTGGATATCC,2.426723408,1
,ACTGCGCCAGTTCACGCTGATGGCGACGGCAACCG,21.91047751,62.75094549,,,
,,,,GTTCGTCCAGTTCGCGCAGATGGCGCTGGATTTCC,2.163336626,134
,,,,TTCCAACCTGTTCACGCTGACCGCGACGGGCGCGA,20.68169517,2
,,,,GACCTCCCGGTTCACGCTGGTGGCAAAGGGAATGG,15.75865084,1
,,,,GTTCGTCCAGTTCGCGCAGATGGCGCTGGATATCC,2.236785349,1
CCAAAAUAGGGGGUGUUGGG,,,,,,
,,,,GCGGCGGGCTTTATCCGCCACAACCTTGGGCGGCG,8.63456423,1
GACUUACGAGCGACGUGGCC,,,,,,
ACCGUGGUGGUUGCUAUAGC,,,,,,
,,,,TGCCGCTGGCACCACGAACGATATGATGGCTCCGG,2.463730826,14
,,,,AGATTACGGCACCACCAACGATATCGCGGTGATCT,91.26224667,3
UUCAUUCACUGGUCUUAGUC,,,,,,
CGGCGACAUACGCGUUUGCC,,,,,,
,,,,CGAACATCCGCTGTATGTGGAAACGGTGGCAAAGT,55.13726555,15
,,,,CTCGTTGCCGCTGTATGCGGAAACTGCGGTCAGCC,27.8738055,18
,,,,CTCGTTGCCGCTGTATGCNGAAACTGCGGTCAGCC,20.82968291,1
AAGUGAAAAGAAGUCGUGGC,,,,,,
