Spacer (20 bp RNA),Off-Target Sequence (35 bp DNA),Off-Target Score,Off-Target Count,,
GGUCAAGUGCGACUACCGCU,,,,,
Spacer (20 bp RNA),Off-Target Sequence (35 bp DNA),Off-Target Score,Off-Target Count,,
CCAAAAUAGGGGGUGUUGGG,,,,,
Spacer (20 bp RNA),Off-Target Sequence (35 bp DNA),Off-Target Score,Off-Target Count,,
GACUUACGAGCGACGUGGCC,,,,,
Spacer (20 bp RNA),Off-Target Sequence (35 bp DNA),Off-Target Score,Off-Target Count,,
ACCGUGGUGGUUGCUAUAGC,,,,,
Spacer (20 bp RNA),Off-Target Sequence (35 bp DNA),Off-Target Score,Off-Target Count,,
UUCAUUCACUGGUCUUAGUC,,,,,
Spacer (20 bp RNA),Off-Target Sequence (35 bp DNA),Off-Target Score,Off-Target Count,,
CGGCGACAUACGCGUUUGCC,,,,,
Spacer (20 bp RNA),Off-Target Sequence (35 bp DNA),Off-Target Score,Off-Target Count,,
AAGUGAAAAGAAGUCGUGGC,,,,,
