Spacer (20 bp RNA),Target Guide Sequence (35 bp DNA),Guide Sequence Heuristic,On-Target Score,Off-Targets (35 bp DNA),Off-Target Scores
GGUCAAGUGCGACUACCGCU,,,,,
,ACTGCGCCAGTTCACGCTGATGGCGACGGAAACCG,-318.6571987231612,60.24517759068169,,
,,,,GTTCGTCCAGTTCGCGCAGATGGCGCTGGATTTCC,2.347037739226508
,,,,GTTCGTCCAGTTCGCGCAGATGGCGCTGGATTTCC,2.347037739226508
,,,,GTTCGTCCAGTTCGCGCAGATGGCGCTGGATTTCC,2.347037739226508
,,,,GTTCGTCCAGTTCGCGCAGATGGCGCTGGATTTCC,2.347037739226508
,,,,GTTCGTCCAGTTCGCGCAGATGGCGCTGGATTTCC,2.347037739226508
,,,,GTTCGTCCAGTTCGCGCAGATGGCGCTGGATTTCC,2.347037739226508
,,,,GTTCGTCCAGTTCGCGCAGATGGCGCTGGATTTCC,2.347037739226508
,,,,GTTCGTCCAGTTCGCGCAGATGGCGCTGGATTTCC,2.347037739226508
,,,,GTTCGTCCAGTTCGCGCAGATGGCGCTGGATTTCC,2.347037739226508
,,,,GTTCGTCCAGTTCGCGCAGATGGCGCTGGATTTCC,2.347037739226508
,,,,GTTCGTCCAGTTCGCGCAGATGGCGCTGGATTTCC,2.347037739226508
,,,,GTTCGTCCAGTTCGCGCAGATGGCGCTGGATTTCC,2.347037739226508
,,,,GTTCGTCCAGTTCGCGCAGATGGCGCTGGATTTCC,2.347037739226508
,,,,GTTCGTCCAGTTCGCGCAGATGGCGCTGGATTTCC,2.347037739226508
,,,,GTTCGTCCAGTTCGCGCAGATGGCGCTGGATTTCC,2.347037739226508
,,,,GTTCGTCCAGTTCGCGCAGATGGCGCTGGATTTCC,2.347037739226508
,,,,GTTCGTCCAGTTCGCGCAGATGGCGCTGGATTTCC,2.347037739226508
,,,,GTTCGTCCAGTTCGCGCAGATGGCGCTGGATTTCC,2.347037739226508
,,,,GTTCGTCCAGTTCGCGCAGATGGCGCTGGATTTCC,2.347037739226508
,,,,GTTCGTCCAGTTCGCGCAGATGGCGCTGGATTTCC,2.347037739226508
,,,,GTTCGTCCAGTTCGCGCAGATGGCGCTGGATTTCC,2.347037739226508
,,,,GTTCGTCCAGTTCGCGCAGATGGCGCTGGATTTCC,2.347037739226508
,,,,GTTCGTCCAGTTCGCGCAGATGGCGCTGGATTTCC,2.347037739226508
,,,,GTTCGTCCAGTTCGCGCAGATGGCGCTGGATTTCC,2.347037739226508
,,,,GTTCGTCCAGTTCGCGCAGATGGCGCTGGATTTCC,2.347037739226508
,,,,GTTCGTCCAGTTCGCGCAGATGGCGCTGGATTTCC,2.347037739226508
,,,,GTTCGTCCAGTTCGCGCAGATGGCGCTGGATTTCC,2.347037739226508
,,,,GTTCGTCCAGTTCGCGCAGATGGCGCTGGATTTCC,2.347037739226508
,,,,GTTCGTCCAGTTCGCGCAGATGGCGCTGGATTTCC,2.347037739226508
,,,,GTTCGTCCAGTTCGCGCAGATGGCGCTGGATTTCC,2.347037739226508
,,,,GTTCGTCCAGTTCGCGCAGATGGCGCTGGATTTCC,2.347037739226508
,,,,GTTCGTCCAGTTCGCGCAGATGGCGCTGGATTTCC,2.347037739226508
,,,,GTTCGTCCAGTTCGCGCAGATGGCGCTGGATTTCC,2.347037739226508
,,,,GTTCGTCCAGTTCGCGCAGATGGCGCTGGATTTCC,2.347037739226508
,,,,GTTCGTCCAGTTCGCGCAGATGGCGCTGGATTTCC,2.347037739226508
,,,,GTTCGTCCAGTTCGCGCAGATGGCGCTGGATTTCC,2.347037739226508
,,,,GTTCGTCCAGTTCGCGCAGATGGCGCTGGATTTCC,2.347037739226508
,,,,GTTCGTCCAGTTCGCGCAGATGGCGCTGGATTTCC,2.347037739226508
,,,,GTTCGTCCAGTTCGCGCAGATGGCGCTGGATTTCC,2.347037739226508
,,,,GTTCGTCCAGTTCGCGCAGATGGCGCTGGATTTCC,2.347037739226508
,,,,GTTCGTCCAGTTCGCGCAGATGGCGCTGGATTTCC,2.347037739226508
,,,,GTTCGTCCAGTTCGCGCAGATGGCGCTGGATTTCC,2.347037739226508
,,,,GTTCGTCCAGTTCGCGCAGATGGCGCTGGATTTCC,2.347037739226508
,,,,GTTCGTCCAGTTCGCGCAGATGGCGCTGGATTTCC,2.347037739226508
,,,,GTTCGTCCAGTTCGCGCAGATGGCGCTGGATTTCC,2.347037739226508
,,,,GTTCGTCCAGTTCGCGCAGATGGCGCTGGATTTCC,2.347037739226508
,,,,GTTCGTCCAGTTCGCGCAGATGGCGCTGGATTTCC,2.347037739226508
,,,,GTTCGTCCAGTTCGCGCAGATGGCGCTGGATTTCC,2.347037739226508
,,,,GTTCGTCCAGTTCGCGCAGATGGCGCTGGATTTCC,2.347037739226508
,,,,GTTCGTCCAGTTCGCGCAGATGGCGCTGGATTTCC,2.347037739226508
,,,,GTTCGTCCAGTTCGCGCAGATGGCGCTGGATTTCC,2.347037739226508
,,,,GTTCGTCCAGTTCGCGCAGATGGCGCTGGATTTCC,2.347037739226508
,,,,GTTCGTCCAGTTCGCGCAGATGGCGCTGGATTTCC,2.347037739226508
,,,,GTTCGTCCAGTTCGCGCAGATGGCGCTGGATTTCC,2.347037739226508
,,,,GTTCGTCCAGTTCGCGCAGATGGCGCTGGATTTCC,2.347037739226508
,,,,GTTCGTCCAGTTCGCGCAGATGGCGCTGGATTTCC,2.347037739226508
,,,,GTTCGTCCAGTTCGCGCAGATGGCGCTGGATTTCC,2.347037739226508
,,,,GTTCGTCCAGTTCGCGCAGATGGCGCTGGATTTCC,2.347037739226508
,,,,GTTCGTCCAGTTCGCGCAGATGGCGCTGGATTTCC,2.347037739226508
,,,,GTTCGTCCAGTTCGCGCAGATGGCGCTGGATTTCC,2.347037739226508
,,,,GTTCGTCCAGTTCGCGCAGATGGCGCTGGATTTCC,2.347037739226508
,,,,GTTCGTCCAGTTCGCGCAGATGGCGCTGGATTTCC,2.347037739226508
,,,,GTTCGTCCAGTTCGCGCAGATGGCGCTGGATTTCC,2.347037739226508
,,,,GTTCGTCCAGTTCGCGCAGATGGCGCTGGATTTCC,2.347037739226508
,,,,GTTCGTCCAGTTCGCGCAGATGGCGCTGGATTTCC,2.347037739226508
,,,,GTTCGTCCAGTTCGCGCAGATGGCGCTGGATTTCC,2.347037739226508
,,,,GTTCGTCCAGTTCGCGCAGATGGCGCTGGATTTCC,2.347037739226508
,,,,TTCCAACCTGTTCACGCTGACCGCGACGGGCGCGA,22.437894546884525
,,,,GTTCGTCCAGTTCGCGCAGATGGCGCTGGATTTCC,2.347037739226508
,,,,GTTCGTCCAGTTCGCGCAGATGGCGCTGGATTTCC,2.347037739226508
,,,,GTTCGTCCAGTTCGCGCAGATGGCGCTGGATTTCC,2.347037739226508
,,,,GTTCGTCCAGTTCGCGCAGATGGCGCTGGATTTCC,2.347037739226508
,,,,GTTCGTCCAGTTCGCGCAGATGGCGCTGGATTTCC,2.347037739226508
,,,,GTTCGTCCAGTTCGCGCAGATGGCGCTGGATTTCC,2.347037739226508
,,,,GTTCGTCCAGTTCGCGCAGATGGCGCTGGATTTCC,2.347037739226508
,,,,GTTCGTCCAGTTCGCGCAGATGGCGCTGGATTTCC,2.347037739226508
,,,,GTTCGTCCAGTTCGCGCAGATGGCGCTGGATTTCC,2.347037739226508
,,,,GTTCGTCCAGTTCGCGCAGATGGCGCTGGATTTCC,2.347037739226508
,,,,GTTCGTCCAGTTCGCGCAGATGGCGCTGGATTTCC,2.347037739226508
,,,,GTTCGTCCAGTTCGCGCAGATGGCGCTGGATTTCC,2.347037739226508
,,,,GTTCGTCCAGTTCGCGCAGATGGCGCTGGATTTCC,2.347037739226508
,,,,GTTCGTCCAGTTCGCGCAGATGGCGCTGGATTTCC,2.347037739226508
,,,,GTTCGTCCAGTTCGCGCAGATGGCGCTGGATTTCC,2.347037739226508
,,,,GTTCGTCCAGTTCGCGCAGATGGCGCTGGATTTCC,2.347037739226508
,,,,GTTCGTCCAGTTCGCGCAGATGGCGCTGGATTTCC,2.347037739226508
,,,,TTCCAACCTGTTCACGCTGACCGCGACGGGCGCGA,22.437894546884525
,,,,GTTCGTCCAGTTCGCGCAGATGGCGCTGGATTTCC,2.347037739226508
,,,,GTTCGTCCAGTTCGCGCAGATGGCGCTGGATTTCC,2.347037739226508
,,,,GTTCGTCCAGTTCGCGCAGATGGCGCTGGATTTCC,2.347037739226508
,,,,GTTCGTCCAGTTCGCGCAGATGGCGCTGGATTTCC,2.347037739226508
,,,,GTTCGTCCAGTTCGCGCAGATGGCGCTGGATTTCC,2.347037739226508
,,,,GTTCGTCCAGTTCGCGCAGATGGCGCTGGATTTCC,2.347037739226508
,,,,GTTCGTCCAGTTCGCGCAGATGGCGCTGGATTTCC,2.347037739226508
,,,,GTTCGTCCAGTTCGCGCAGATGGCGCTGGATTTCC,2.347037739226508
,,,,GTTCGTCCAGTTCGCGCAGATGGCGCTGGATTTCC,2.347037739226508
,,,,GTTCGTCCAGTTCGCGCAGATGGCGCTGGATTTCC,2.347037739226508
,,,,GTTCGTCCAGTTCGCGCAGATGGCGCTGGATTTCC,2.347037739226508
,,,,GTTCGTCCAGTTCGCGCAGATGGCGCTGGATTTCC,2.347037739226508
,,,,GTTCGTCCAGTTCGCGCAGATGGCGCTGGATTTCC,2.347037739226508
,,,,GTTCGTCCAGTTCGCGCAGATGGCGCTGGATTTCC,2.347037739226508
,,,,GTTCGTCCAGTTCGCGCAGATGGCGCTGGATTTCC,2.347037739226508
,,,,GTTCGTCCAGTTCGCGCAGATGGCGCTGGATTTCC,2.347037739226508
,,,,GACCTCCCGGTTCACGCTGGTGGCAAAGGGAATGG,17.09680675611062
,,,,GTTCGTCCAGTTCGCGCAGATGGCGCTGGATTTCC,2.347037739226508
,,,,GTTCGTCCAGTTCGCGCAGATGGCGCTGGATTTCC,2.347037739226508
,,,,GTTCGTCCAGTTCGCGCAGATGGCGCTGGATTTCC,2.347037739226508
,,,,GTTCGTCCAGTTCGCGCAGATGGCGCTGGATTTCC,2.347037739226508
,,,,GTTCGTCCAGTTCGCGCAGATGGCGCTGGATTTCC,2.347037739226508
,,,,GTTCGTCCAGTTCGCGCAGATGGCGCTGGATTTCC,2.347037739226508
,,,,GTTCGTCCAGTTCGCGCAGATGGCGCTGGATTTCC,2.347037739226508
,,,,GTTCGTCCAGTTCGCGCAGATGGCGCTGGATTTCC,2.347037739226508
,,,,GTTCGTCCAGTTCGCGCAGATGGCGCTGGATTTCC,2.347037739226508
,,,,GTTCGTCCAGTTCGCGCAGATGGCGCTGGATTTCC,2.347037739226508
,,,,GTTCGTCCAGTTCGCGCAGATGGCGCTGGATTTCC,2.347037739226508
,,,,GTTCGTCCAGTTCGCGCAGATGGCGCTGGATTTCC,2.347037739226508
,,,,GTTCGTCCAGTTCGCGCAGATGGCGCTGGATTTCC,2.347037739226508
,,,,GTTCGTCCAGTTCGCGCAGATGGCGCTGGATTTCC,2.347037739226508
,,,,GTTCGTCCAGTTCGCGCAGATGGCGCTGGATTTCC,2.347037739226508
,,,,GTTCGTCCAGTTCGCGCAGATGGCGCTGGATTTCC,2.347037739226508
,,,,GTTCGTCCAGTTCGCGCAGATGGCGCTGGATTTCC,2.347037739226508
,,,,GTTCGTCCAGTTCGCGCAGATGGCGCTGGATTTCC,2.347037739226508
,,,,GTTCGTCCAGTTCGCGCAGATGGCGCTGGATTTCC,2.347037739226508
,,,,GTTCGTCCAGTTCGCGCAGATGGCGCTGGATTTCC,2.347037739226508
,,,,GTTCGTCCAGTTCGCGCAGATGGCGCTGGATTTCC,2.347037739226508
,,,,GTTCGTCCAGTTCGCGCAGATGGCGCTGGATTTCC,2.347037739226508
,,,,GTTCGTCCAGTTCGCGCAGATGGCGCTGGATTTCC,2.347037739226508
,,,,GTTCGTCCAGTTCGCGCAGATGGCGCTGGATTTCC,2.347037739226508
,,,,GTTCGTCCAGTTCGCGCAGATGGCGCTGGATTTCC,2.347037739226508
,,,,GTTCGTCCAGTTCGCGCAGATGGCGCTGGATTTCC,2.347037739226508
,,,,GTTCGTCCAGTTCGCGCAGATGGCGCTGGATTTCC,2.347037739226508
,,,,GTTCGTCCAGTTCGCGCAGATGGCGCTGGATTTCC,2.347037739226508
,,,,GTTCGTCCAGTTCGCGCAGATGGCGCTGGATATCC,2.4267234076119837
,,,,GTTCGTCCAGTTCGCGCAGATGGCGCTGGATTTCC,2.347037739226508
,,,,GTTCGTCCAGTTCGCGCAGATGGCGCTGGATTTCC,2.347037739226508
,,,,GTTCGTCCAGTTCGCGCAGATGGCGCTGGATTTCC,2.347037739226508
,,,,GTTCGTCCAGTTCGCGCAGATGGCGCTGGATTTCC,2.347037739226508
,,,,GTTCGTCCAGTTCGCGCAGATGGCGCTGGATTTCC,2.347037739226508
,,,,GTTCGTCCAGTTCGCGCAGATGGCGCTGGATTTCC,2.347037739226508
,ACTGCGCCAGTTCACGCTGATGGCGACGGCAACCG,-286.49498885608466,62.75094549196343,,
,,,,GTTCGTCCAGTTCGCGCAGATGGCGCTGGATTTCC,2.1633366255463686
,,,,GTTCGTCCAGTTCGCGCAGATGGCGCTGGATTTCC,2.1633366255463686
,,,,GTTCGTCCAGTTCGCGCAGATGGCGCTGGATTTCC,2.1633366255463686
,,,,GTTCGTCCAGTTCGCGCAGATGGCGCTGGATTTCC,2.1633366255463686
,,,,GTTCGTCCAGTTCGCGCAGATGGCGCTGGATTTCC,2.1633366255463686
,,,,GTTCGTCCAGTTCGCGCAGATGGCGCTGGATTTCC,2.1633366255463686
,,,,GTTCGTCCAGTTCGCGCAGATGGCGCTGGATTTCC,2.1633366255463686
,,,,GTTCGTCCAGTTCGCGCAGATGGCGCTGGATTTCC,2.1633366255463686
,,,,GTTCGTCCAGTTCGCGCAGATGGCGCTGGATTTCC,2.1633366255463686
,,,,GTTCGTCCAGTTCGCGCAGATGGCGCTGGATTTCC,2.1633366255463686
,,,,GTTCGTCCAGTTCGCGCAGATGGCGCTGGATTTCC,2.1633366255463686
,,,,GTTCGTCCAGTTCGCGCAGATGGCGCTGGATTTCC,2.1633366255463686
,,,,GTTCGTCCAGTTCGCGCAGATGGCGCTGGATTTCC,2.1633366255463686
,,,,GTTCGTCCAGTTCGCGCAGATGGCGCTGGATTTCC,2.1633366255463686
,,,,GTTCGTCCAGTTCGCGCAGATGGCGCTGGATTTCC,2.1633366255463686
,,,,GTTCGTCCAGTTCGCGCAGATGGCGCTGGATTTCC,2.1633366255463686
,,,,GTTCGTCCAGTTCGCGCAGATGGCGCTGGATTTCC,2.1633366255463686
,,,,GTTCGTCCAGTTCGCGCAGATGGCGCTGGATTTCC,2.1633366255463686
,,,,GTTCGTCCAGTTCGCGCAGATGGCGCTGGATTTCC,2.1633366255463686
,,,,GTTCGTCCAGTTCGCGCAGATGGCGCTGGATTTCC,2.1633366255463686
,,,,GTTCGTCCAGTTCGCGCAGATGGCGCTGGATTTCC,2.1633366255463686
,,,,GTTCGTCCAGTTCGCGCAGATGGCGCTGGATTTCC,2.1633366255463686
,,,,GTTCGTCCAGTTCGCGCAGATGGCGCTGGATTTCC,2.1633366255463686
,,,,GTTCGTCCAGTTCGCGCAGATGGCGCTGGATTTCC,2.1633366255463686
,,,,GTTCGTCCAGTTCGCGCAGATGGCGCTGGATTTCC,2.1633366255463686
,,,,GTTCGTCCAGTTCGCGCAGATGGCGCTGGATTTCC,2.1633366255463686
,,,,GTTCGTCCAGTTCGCGCAGATGGCGCTGGATTTCC,2.1633366255463686
,,,,GTTCGTCCAGTTCGCGCAGATGGCGCTGGATTTCC,2.1633366255463686
,,,,GTTCGTCCAGTTCGCGCAGATGGCGCTGGATTTCC,2.1633366255463686
,,,,GTTCGTCCAGTTCGCGCAGATGGCGCTGGATTTCC,2.1633366255463686
,,,,GTTCGTCCAGTTCGCGCAGATGGCGCTGGATTTCC,2.1633366255463686
,,,,GTTCGTCCAGTTCGCGCAGATGGCGCTGGATTTCC,2.1633366255463686
,,,,GTTCGTCCAGTTCGCGCAGATGGCGCTGGATTTCC,2.1633366255463686
,,,,GTTCGTCCAGTTCGCGCAGATGGCGCTGGATTTCC,2.1633366255463686
,,,,GTTCGTCCAGTTCGCGCAGATGGCGCTGGATTTCC,2.1633366255463686
,,,,GTTCGTCCAGTTCGCGCAGATGGCGCTGGATTTCC,2.1633366255463686
,,,,GTTCGTCCAGTTCGCGCAGATGGCGCTGGATTTCC,2.1633366255463686
,,,,GTTCGTCCAGTTCGCGCAGATGGCGCTGGATTTCC,2.1633366255463686
,,,,GTTCGTCCAGTTCGCGCAGATGGCGCTGGATTTCC,2.1633366255463686
,,,,GTTCGTCCAGTTCGCGCAGATGGCGCTGGATTTCC,2.1633366255463686
,,,,GTTCGTCCAGTTCGCGCAGATGGCGCTGGATTTCC,2.1633366255463686
,,,,GTTCGTCCAGTTCGCGCAGATGGCGCTGGATTTCC,2.1633366255463686
,,,,GTTCGTCCAGTTCGCGCAGATGGCGCTGGATTTCC,2.1633366255463686
,,,,GTTCGTCCAGTTCGCGCAGATGGCGCTGGATTTCC,2.1633366255463686
,,,,GTTCGTCCAGTTCGCGCAGATGGCGCTGGATTTCC,2.1633366255463686
,,,,GTTCGTCCAGTTCGCGCAGATGGCGCTGGATTTCC,2.1633366255463686
,,,,GTTCGTCCAGTTCGCGCAGATGGCGCTGGATTTCC,2.1633366255463686
,,,,GTTCGTCCAGTTCGCGCAGATGGCGCTGGATTTCC,2.1633366255463686
,,,,GTTCGTCCAGTTCGCGCAGATGGCGCTGGATTTCC,2.1633366255463686
,,,,GTTCGTCCAGTTCGCGCAGATGGCGCTGGATTTCC,2.1633366255463686
,,,,GTTCGTCCAGTTCGCGCAGATGGCGCTGGATTTCC,2.1633366255463686
,,,,GTTCGTCCAGTTCGCGCAGATGGCGCTGGATTTCC,2.1633366255463686
,,,,GTTCGTCCAGTTCGCGCAGATGGCGCTGGATTTCC,2.1633366255463686
,,,,GTTCGTCCAGTTCGCGCAGATGGCGCTGGATTTCC,2.1633366255463686
,,,,GTTCGTCCAGTTCGCGCAGATGGCGCTGGATTTCC,2.1633366255463686
,,,,GTTCGTCCAGTTCGCGCAGATGGCGCTGGATTTCC,2.1633366255463686
,,,,GTTCGTCCAGTTCGCGCAGATGGCGCTGGATTTCC,2.1633366255463686
,,,,GTTCGTCCAGTTCGCGCAGATGGCGCTGGATTTCC,2.1633366255463686
,,,,GTTCGTCCAGTTCGCGCAGATGGCGCTGGATTTCC,2.1633366255463686
,,,,GTTCGTCCAGTTCGCGCAGATGGCGCTGGATTTCC,2.1633366255463686
,,,,GTTCGTCCAGTTCGCGCAGATGGCGCTGGATTTCC,2.1633366255463686
,,,,GTTCGTCCAGTTCGCGCAGATGGCGCTGGATTTCC,2.1633366255463686
,,,,GTTCGTCCAGTTCGCGCAGATGGCGCTGGATTTCC,2.1633366255463686
,,,,GTTCGTCCAGTTCGCGCAGATGGCGCTGGATTTCC,2.1633366255463686
,,,,GTTCGTCCAGTTCGCGCAGATGGCGCTGGATTTCC,2.1633366255463686
,,,,GTTCGTCCAGTTCGCGCAGATGGCGCTGGATTTCC,2.1633366255463686
,,,,GTTCGTCCAGTTCGCGCAGATGGCGCTGGATTTCC,2.1633366255463686
,,,,TTCCAACCTGTTCACGCTGACCGCGACGGGCGCGA,20.681695169256024
,,,,GTTCGTCCAGTTCGCGCAGATGGCGCTGGATTTCC,2.1633366255463686
,,,,GTTCGTCCAGTTCGCGCAGATGGCGCTGGATTTCC,2.1633366255463686
,,,,GTTCGTCCAGTTCGCGCAGATGGCGCTGGATTTCC,2.1633366255463686
,,,,GTTCGTCCAGTTCGCGCAGATGGCGCTGGATTTCC,2.1633366255463686
,,,,GTTCGTCCAGTTCGCGCAGATGGCGCTGGATTTCC,2.1633366255463686
,,,,GTTCGTCCAGTTCGCGCAGATGGCGCTGGATTTCC,2.1633366255463686
,,,,GTTCGTCCAGTTCGCGCAGATGGCGCTGGATTTCC,2.1633366255463686
,,,,GTTCGTCCAGTTCGCGCAGATGGCGCTGGATTTCC,2.1633366255463686
,,,,GTTCGTCCAGTTCGCGCAGATGGCGCTGGATTTCC,2.1633366255463686
,,,,GTTCGTCCAGTTCGCGCAGATGGCGCTGGATTTCC,2.1633366255463686
,,,,GTTCGTCCAGTTCGCGCAGATGGCGCTGGATTTCC,2.1633366255463686
,,,,GTTCGTCCAGTTCGCGCAGATGGCGCTGGATTTCC,2.1633366255463686
,,,,GTTCGTCCAGTTCGCGCAGATGGCGCTGGATTTCC,2.1633366255463686
,,,,GTTCGTCCAGTTCGCGCAGATGGCGCTGGATTTCC,2.1633366255463686
,,,,GTTCGTCCAGTTCGCGCAGATGGCGCTGGATTTCC,2.1633366255463686
,,,,GTTCGTCCAGTTCGCGCAGATGGCGCTGGATTTCC,2.1633366255463686
,,,,GTTCGTCCAGTTCGCGCAGATGGCGCTGGATTTCC,2.1633366255463686
,,,,TTCCAACCTGTTCACGCTGACCGCGACGGGCGCGA,20.681695169256024
,,,,GTTCGTCCAGTTCGCGCAGATGGCGCTGGATTTCC,2.1633366255463686
,,,,GTTCGTCCAGTTCGCGCAGATGGCGCTGGATTTCC,2.1633366255463686
,,,,GTTCGTCCAGTTCGCGCAGATGGCGCTGGATTTCC,2.1633366255463686
,,,,GTTCGTCCAGTTCGCGCAGATGGCGCTGGATTTCC,2.1633366255463686
,,,,GTTCGTCCAGTTCGCGCAGATGGCGCTGGATTTCC,2.1633366255463686
,,,,GTTCGTCCAGTTCGCGCAGATGGCGCTGGATTTCC,2.1633366255463686
,,,,GTTCGTCCAGTTCGCGCAGATGGCGCTGGATTTCC,2.1633366255463686
,,,,GTTCGTCCAGTTCGCGCAGATGGCGCTGGATTTCC,2.1633366255463686
,,,,GTTCGTCCAGTTCGCGCAGATGGCGCTGGATTTCC,2.1633366255463686
,,,,GTTCGTCCAGTTCGCGCAGATGGCGCTGGATTTCC,2.1633366255463686
,,,,GTTCGTCCAGTTCGCGCAGATGGCGCTGGATTTCC,2.1633366255463686
,,,,GTTCGTCCAGTTCGCGCAGATGGCGCTGGATTTCC,2.1633366255463686
,,,,GTTCGTCCAGTTCGCGCAGATGGCGCTGGATTTCC,2.1633366255463686
,,,,GTTCGTCCAGTTCGCGCAGATGGCGCTGGATTTCC,2.1633366255463686
,,,,GTTCGTCCAGTTCGCGCAGATGGCGCTGGATTTCC,2.1633366255463686
,,,,GTTCGTCCAGTTCGCGCAGATGGCGCTGGATTTCC,2.1633366255463686
,,,,GACCTCCCGGTTCACGCTGGTGGCAAAGGGAATGG,15.758650837703145
,,,,GTTCGTCCAGTTCGCGCAGATGGCGCTGGATTTCC,2.1633366255463686
,,,,GTTCGTCCAGTTCGCGCAGATGGCGCTGGATTTCC,2.1633366255463686
,,,,GTTCGTCCAGTTCGCGCAGATGGCGCTGGATTTCC,2.1633366255463686
,,,,GTTCGTCCAGTTCGCGCAGATGGCGCTGGATTTCC,2.1633366255463686
,,,,GTTCGTCCAGTTCGCGCAGATGGCGCTGGATTTCC,2.1633366255463686
,,,,GTTCGTCCAGTTCGCGCAGATGGCGCTGGATTTCC,2.1633366255463686
,,,,GTTCGTCCAGTTCGCGCAGATGGCGCTGGATTTCC,2.1633366255463686
,,,,GTTCGTCCAGTTCGCGCAGATGGCGCTGGATTTCC,2.1633366255463686
,,,,GTTCGTCCAGTTCGCGCAGATGGCGCTGGATTTCC,2.1633366255463686
,,,,GTTCGTCCAGTTCGCGCAGATGGCGCTGGATTTCC,2.1633366255463686
,,,,GTTCGTCCAGTTCGCGCAGATGGCGCTGGATTTCC,2.1633366255463686
,,,,GTTCGTCCAGTTCGCGCAGATGGCGCTGGATTTCC,2.1633366255463686
,,,,GTTCGTCCAGTTCGCGCAGATGGCGCTGGATTTCC,2.1633366255463686
,,,,GTTCGTCCAGTTCGCGCAGATGGCGCTGGATTTCC,2.1633366255463686
,,,,GTTCGTCCAGTTCGCGCAGATGGCGCTGGATTTCC,2.1633366255463686
,,,,GTTCGTCCAGTTCGCGCAGATGGCGCTGGATTTCC,2.1633366255463686
,,,,GTTCGTCCAGTTCGCGCAGATGGCGCTGGATTTCC,2.1633366255463686
,,,,GTTCGTCCAGTTCGCGCAGATGGCGCTGGATTTCC,2.1633366255463686
,,,,GTTCGTCCAGTTCGCGCAGATGGCGCTGGATTTCC,2.1633366255463686
,,,,GTTCGTCCAGTTCGCGCAGATGGCGCTGGATTTCC,2.1633366255463686
,,,,GTTCGTCCAGTTCGCGCAGATGGCGCTGGATTTCC,2.1633366255463686
,,,,GTTCGTCCAGTTCGCGCAGATGGCGCTGGATTTCC,2.1633366255463686
,,,,GTTCGTCCAGTTCGCGCAGATGGCGCTGGATTTCC,2.1633366255463686
,,,,GTTCGTCCAGTTCGCGCAGATGGCGCTGGATTTCC,2.1633366255463686
,,,,GTTCGTCCAGTTCGCGCAGATGGCGCTGGATTTCC,2.1633366255463686
,,,,GTTCGTCCAGTTCGCGCAGATGGCGCTGGATTTCC,2.1633366255463686
,,,,GTTCGTCCAGTTCGCGCAGATGGCGCTGGATTTCC,2.1633366255463686
,,,,GTTCGTCCAGTTCGCGCAGATGGCGCTGGATTTCC,2.1633366255463686
,,,,GTTCGTCCAGTTCGCGCAGATGGCGCTGGATATCC,2.2367853486189904
,,,,GTTCGTCCAGTTCGCGCAGATGGCGCTGGATTTCC,2.1633366255463686
,,,,GTTCGTCCAGTTCGCGCAGATGGCGCTGGATTTCC,2.1633366255463686
,,,,GTTCGTCCAGTTCGCGCAGATGGCGCTGGATTTCC,2.1633366255463686
,,,,GTTCGTCCAGTTCGCGCAGATGGCGCTGGATTTCC,2.1633366255463686
,,,,GTTCGTCCAGTTCGCGCAGATGGCGCTGGATTTCC,2.1633366255463686
,,,,GTTCGTCCAGTTCGCGCAGATGGCGCTGGATTTCC,2.1633366255463686
CCAAAAUAGGGGGUGUUGGG,,,,,
,,,,GCGGCGGGCTTTATCCGCCACAACCTTGGGCGGCG,8.634564230212215
GACUUACGAGCGACGUGGCC,,,,,
ACCGUGGUGGUUGCUAUAGC,,,,,
,,,,TGCCGCTGGCACCACGAACGATATGATGGCTCCGG,2.4637308260216284
,,,,TGCCGCTGGCACCACGAACGATATGATGGCTCCGG,2.4637308260216284
,,,,TGCCGCTGGCACCACGAACGATATGATGGCTCCGG,2.4637308260216284
,,,,AGATTACGGCACCACCAACGATATCGCGGTGATCT,91.26224667221095
,,,,AGATTACGGCACCACCAACGATATCGCGGTGATCT,91.26224667221095
,,,,AGATTACGGCACCACCAACGATATCGCGGTGATCT,91.26224667221095
,,,,TGCCGCTGGCACCACGAACGATATGATGGCTCCGG,2.4637308260216284
,,,,TGCCGCTGGCACCACGAACGATATGATGGCTCCGG,2.4637308260216284
,,,,TGCCGCTGGCACCACGAACGATATGATGGCTCCGG,2.4637308260216284
,,,,TGCCGCTGGCACCACGAACGATATGATGGCTCCGG,2.4637308260216284
,,,,TGCCGCTGGCACCACGAACGATATGATGGCTCCGG,2.4637308260216284
,,,,TGCCGCTGGCACCACGAACGATATGATGGCTCCGG,2.4637308260216284
,,,,TGCCGCTGGCACCACGAACGATATGATGGCTCCGG,2.4637308260216284
,,,,TGCCGCTGGCACCACGAACGATATGATGGCTCCGG,2.4637308260216284
,,,,TGCCGCTGGCACCACGAACGATATGATGGCTCCGG,2.4637308260216284
,,,,TGCCGCTGGCACCACGAACGATATGATGGCTCCGG,2.4637308260216284
,,,,TGCCGCTGGCACCACGAACGATATGATGGCTCCGG,2.4637308260216284
UUCAUUCACUGGUCUUAGUC,,,,,
CGGCGACAUACGCGUUUGCC,,,,,
,,,,CGAACATCCGCTGTATGTGGAAACGGTGGCAAAGT,55.13726555076397
,,,,CTCGTTGCCGCTGTATGCGGAAACTGCGGTCAGCC,27.873805499893
,,,,CTCGTTGCCGCTGTATGCGGAAACTGCGGTCAGCC,27.873805499893
,,,,CGAACATCCGCTGTATGTGGAAACGGTGGCAAAGT,55.13726555076397
,,,,CTCGTTGCCGCTGTATGCGGAAACTGCGGTCAGCC,27.873805499893
,,,,CGAACATCCGCTGTATGTGGAAACGGTGGCAAAGT,55.13726555076397
,,,,CTCGTTGCCGCTGTATGCGGAAACTGCGGTCAGCC,27.873805499893
,,,,CTCGTTGCCGCTGTATGCGGAAACTGCGGTCAGCC,27.873805499893
,,,,CGAACATCCGCTGTATGTGGAAACGGTGGCAAAGT,55.13726555076397
,,,,CGAACATCCGCTGTATGTGGAAACGGTGGCAAAGT,55.13726555076397
,,,,CTCGTTGCCGCTGTATGCGGAAACTGCGGTCAGCC,27.873805499893
,,,,CTCGTTGCCGCTGTATGCGGAAACTGCGGTCAGCC,27.873805499893
,,,,CTCGTTGCCGCTGTATGCGGAAACTGCGGTCAGCC,27.873805499893
,,,,CTCGTTGCCGCTGTATGCGGAAACTGCGGTCAGCC,27.873805499893
,,,,CGAACATCCGCTGTATGTGGAAACGGTGGCAAAGT,55.13726555076397
,,,,CGAACATCCGCTGTATGTGGAAACGGTGGCAAAGT,55.13726555076397
,,,,CGAACATCCGCTGTATGTGGAAACGGTGGCAAAGT,55.13726555076397
,,,,CTCGTTGCCGCTGTATGCNGAAACTGCGGTCAGCC,20.829682913132405
,,,,CTCGTTGCCGCTGTATGCGGAAACTGCGGTCAGCC,27.873805499893
,,,,CTCGTTGCCGCTGTATGCGGAAACTGCGGTCAGCC,27.873805499893
,,,,CGAACATCCGCTGTATGTGGAAACGGTGGCAAAGT,55.13726555076397
,,,,CGAACATCCGCTGTATGTGGAAACGGTGGCAAAGT,55.13726555076397
,,,,CGAACATCCGCTGTATGTGGAAACGGTGGCAAAGT,55.13726555076397
,,,,CTCGTTGCCGCTGTATGCGGAAACTGCGGTCAGCC,27.873805499893
,,,,CTCGTTGCCGCTGTATGCGGAAACTGCGGTCAGCC,27.873805499893
,,,,CTCGTTGCCGCTGTATGCGGAAACTGCGGTCAGCC,27.873805499893
,,,,CGAACATCCGCTGTATGTGGAAACGGTGGCAAAGT,55.13726555076397
,,,,CGAACATCCGCTGTATGTGGAAACGGTGGCAAAGT,55.13726555076397
,,,,CTCGTTGCCGCTGTATGCGGAAACTGCGGTCAGCC,27.873805499893
,,,,CGAACATCCGCTGTATGTGGAAACGGTGGCAAAGT,55.13726555076397
,,,,CGAACATCCGCTGTATGTGGAAACGGTGGCAAAGT,55.13726555076397
,,,,CTCGTTGCCGCTGTATGCGGAAACTGCGGTCAGCC,27.873805499893
,,,,CTCGTTGCCGCTGTATGCGGAAACTGCGGTCAGCC,27.873805499893
,,,,CTCGTTGCCGCTGTATGCGGAAACTGCGGTCAGCC,27.873805499893
AAGUGAAAAGAAGUCGUGGC,,,,,
